Protein,Mutation,Drug,Binding Energy
M1,drug1,log.txt,-6.756
M1,drug2,log.txt,-7.858
M1,drug3,log.txt,-9.044
M1,drug4,log.txt,-8.773
M1,drug5,log.txt,-7.896
M2,drug1,log.txt,-7.856
M2,drug2,log.txt,-8.346
M2,drug3,log.txt,-8.757
M2,drug4,log.txt,-8.432
M2,drug5,log.txt,-6.787
M3,drug1,log.txt,-7.505
M3,drug2,log.txt,-8.865
M3,drug3,log.txt,-8.695
M3,drug4,log.txt,-8.529
M3,drug5,log.txt,-7.355
WT,drug1,log.txt,-6.354
WT,drug2,log.txt,-7.766
WT,drug3,log.txt,-8.6
WT,drug4,log.txt,-8.419
WT,drug5,log.txt,-6.902
